{
    "dt": {
        "features:3_cv_mean": 0.719724585288661,
        "features:3_cv_std": 0.025451391317596866,
        "features:3_feature_names": [
            608,
            938,
            955
        ],
        "features:5_cv_mean": 0.7176769662410418,
        "features:5_cv_std": 0.026079334036202953,
        "features:5_feature_names": [
            608,
            938,
            954,
            955,
            959
        ],
        "features:8_cv_mean": 0.7127272163410819,
        "features:8_cv_std": 0.04419569345726466,
        "features:8_feature_names": [
            271,
            608,
            938,
            953,
            954,
            955,
            959,
            960
        ],
        "features:10_cv_mean": 0.7251792189603113,
        "features:10_cv_std": 0.031123585457265616,
        "features:10_feature_names": [
            271,
            608,
            938,
            953,
            954,
            955,
            959,
            961,
            963,
            964
        ],
        "features:15_cv_mean": 0.7237075516570265,
        "features:15_cv_std": 0.04530885311794698,
        "features:15_feature_names": [
            201,
            271,
            608,
            777,
            938,
            952,
            953,
            954,
            955,
            959,
            960,
            961,
            962,
            965,
            967
        ],
        "features:20_cv_mean": 0.7105824579831933,
        "features:20_cv_std": 0.007669637909790695,
        "features:20_feature_names": [
            209,
            211,
            231,
            243,
            271,
            608,
            842,
            938,
            952,
            953,
            954,
            955,
            959,
            960,
            961,
            962,
            963,
            964,
            965,
            967
        ],
        "features:25_cv_mean": 0.7391969628760595,
        "features:25_cv_std": 0.032645661139287324,
        "features:25_feature_names": [
            176,
            271,
            472,
            503,
            534,
            537,
            602,
            608,
            649,
            779,
            788,
            801,
            898,
            938,
            952,
            953,
            954,
            955,
            959,
            960,
            961,
            962,
            963,
            964,
            965
        ],
        "features:30_cv_mean": 0.732927326839827,
        "features:30_cv_std": 0.042712129851959185,
        "features:30_feature_names": [
            176,
            223,
            271,
            485,
            508,
            601,
            602,
            608,
            609,
            778,
            779,
            783,
            785,
            801,
            868,
            898,
            938,
            952,
            953,
            954,
            955,
            959,
            960,
            961,
            962,
            963,
            964,
            965,
            967,
            1036
        ]
    },
    "rf": {
        "features:3_cv_mean": 0.8035508867183238,
        "features:3_cv_std": 0.03927692320910172,
        "features:3_feature_names": [
            5,
            232,
            285
        ],
        "features:5_cv_mean": 0.8165934692058642,
        "features:5_cv_std": 0.031075109119472602,
        "features:5_feature_names": [
            5,
            122,
            232,
            285,
            452
        ],
        "features:8_cv_mean": 0.8254212675979483,
        "features:8_cv_std": 0.024248863024084886,
        "features:8_feature_names": [
            5,
            104,
            232,
            238,
            339,
            369,
            449,
            451
        ],
        "features:10_cv_mean": 0.8249225999490706,
        "features:10_cv_std": 0.023889517093379057,
        "features:10_feature_names": [
            5,
            210,
            258,
            263,
            281,
            338,
            594,
            826,
            964,
            1056
        ],
        "features:15_cv_mean": 0.8221485476008585,
        "features:15_cv_std": 0.0212541009018937,
        "features:15_feature_names": [
            5,
            189,
            240,
            250,
            259,
            263,
            293,
            368,
            380,
            387,
            424,
            511,
            549,
            623,
            687
        ],
        "features:20_cv_mean": 0.8204610762486813,
        "features:20_cv_std": 0.017804726414451355,
        "features:20_feature_names": [
            5,
            59,
            136,
            232,
            250,
            259,
            274,
            285,
            293,
            339,
            396,
            417,
            442,
            451,
            461,
            592,
            627,
            712,
            757,
            911
        ],
        "features:25_cv_mean": 0.8251031157917712,
        "features:25_cv_std": 0.023378262051141116,
        "features:25_feature_names": [
            5,
            25,
            29,
            72,
            85,
            100,
            116,
            122,
            147,
            206,
            208,
            263,
            290,
            297,
            337,
            344,
            422,
            435,
            444,
            449,
            504,
            569,
            646,
            728,
            801
        ],
        "features:30_cv_mean": 0.8216229337189421,
        "features:30_cv_std": 0.025456527400594658,
        "features:30_feature_names": [
            5,
            22,
            54,
            57,
            93,
            161,
            169,
            205,
            232,
            247,
            249,
            280,
            284,
            300,
            421,
            510,
            541,
            544,
            557,
            592,
            609,
            661,
            687,
            690,
            705,
            760,
            783,
            787,
            820,
            953
        ]
    },
    "lda": {
        "features:3_cv_mean": 0.7891070828331334,
        "features:3_cv_std": 0.026268982174124367,
        "features:3_feature_names": [
            351,
            1045,
            1055
        ],
        "features:5_cv_mean": 0.7893907917712539,
        "features:5_cv_std": 0.023961658982371736,
        "features:5_feature_names": [
            268,
            297,
            351,
            1045,
            1055
        ],
        "features:8_cv_mean": 0.8010921877842045,
        "features:8_cv_std": 0.015872463599495984,
        "features:8_feature_names": [
            268,
            297,
            351,
            392,
            589,
            937,
            1045,
            1055
        ],
        "features:10_cv_mean": 0.8078407235621523,
        "features:10_cv_std": 0.010215768473040673,
        "features:10_feature_names": [
            268,
            297,
            351,
            392,
            589,
            735,
            937,
            1043,
            1045,
            1055
        ],
        "features:15_cv_mean": 0.813006353450471,
        "features:15_cv_std": 0.011921365062732477,
        "features:15_feature_names": [
            268,
            297,
            351,
            364,
            371,
            392,
            432,
            589,
            605,
            735,
            850,
            937,
            1043,
            1045,
            1055
        ],
        "features:20_cv_mean": 0.8156142929899233,
        "features:20_cv_std": 0.012793970166131588,