{
    "feature1_path": null,
    "feature2_path": null,
    "feature3_path": null,
    "feature4_path": null,
    "feature5_path": null,
    "feature_test_path": null,
    "model_name_config": "RandomForestClassifier(max_depth=10, n_jobs=-1)",
    "seed_value": 150,
    "n_fold_cv": 5,
    "n_repeat_KF": 10,
    "feature_normalized": true,
    "n_estimators": 100,
    "depth_max": 10,
    "performance_summary": {
        "AUC_Val": {
            "KFRepeat_1": 0.9970238095238095,
            "KFRepeat_2": 0.9669312169312169,
            "KFRepeat_3": 0.9990173599737963,
            "KFRepeat_4": 1.0,
            "KFRepeat_5": 0.9877598926894701,
            "KFRepeat_6": 0.9971891534391534,
            "KFRepeat_7": 0.982638888888889,
            "KFRepeat_8": 0.9798558794628235,
            "KFRepeat_9": 0.997870946609892,
            "KFRepeat_10": 0.9979879275653925,
            "KFRepeat_11": 0.9970238095238095,
            "KFRepeat_12": 0.9953703703703703,
            "KFRepeat_13": 0.998689813298395,
            "KFRepeat_14": 0.9746151326564035,
            "KFRepeat_15": 0.977699530516432,
            "KFRepeat_16": 0.9813161375661376,
            "KFRepeat_17": 0.9890873015873016,
            "KFRepeat_18": 0.996069439895185,
            "KFRepeat_19": 0.9973796265967901,
            "KFRepeat_20": 0.9849094567404427,
            "KFRepeat_21": 0.9973544973544973,
            "KFRepeat_22": 0.9829695767195767,
            "KFRepeat_23": 0.9981984932852932,
            "KFRepeat_24": 0.9975433999344907,
            "KFRepeat_25": 0.9748490945674044,
            "KFRepeat_26": 0.988260582010582,
            "KFRepeat_27": 1.0,
            "KFRepeat_28": 0.9724860792662955,
            "KFRepeat_29": 0.9949230265312806,
            "KFRepeat_30": 0.9956405097250168,
            "KFRepeat_31": 0.9918981481481481,
            "KFRepeat_32": 0.9912367724867724,
            "KFRepeat_33": 0.9795283327874222,
            "KFRepeat_34": 0.9957418932197838,
            "KFRepeat_35": 0.9958081824279008,
            "KFRepeat_36": 0.9970238095238095,
            "KFRepeat_37": 0.996362433862434,
            "KFRepeat_38": 0.9891909597117589,
            "KFRepeat_39": 0.981821159515231,
            "KFRepeat_40": 0.9902749832327298,
            "KFRepeat_41": 0.9957010582010581,
            "KFRepeat_42": 0.9950396825396826,
            "KFRepeat_43": 1.0,
            "KFRepeat_44": 0.9764166393711103,
            "KFRepeat_45": 0.9892689470154259,
            "KFRepeat_46": 0.9990079365079365,
            "KFRepeat_47": 0.9771825396825397,
            "KFRepeat_48": 0.9950867998689813,
            "KFRepeat_49": 0.9723223059285948,
            "KFRepeat_50": 0.9966465459423206
        },
        "ACC_Val": {
            "KFRepeat_1": 0.9649122807017544,
            "KFRepeat_2": 0.9385964912280702,
            "KFRepeat_3": 0.9912280701754386,
            "KFRepeat_4": 1.0,
            "KFRepeat_5": 0.9469026548672567,
            "KFRepeat_6": 0.9736842105263158,
            "KFRepeat_7": 0.9649122807017544,
            "KFRepeat_8": 0.956140350877193,
            "KFRepeat_9": 0.9736842105263158,
            "KFRepeat_10": 0.9646017699115044,
            "KFRepeat_11": 0.9649122807017544,
            "KFRepeat_12": 0.956140350877193,
            "KFRepeat_13": 0.9649122807017544,
            "KFRepeat_14": 0.9473684210526315,
            "KFRepeat_15": 0.9469026548672567,
            "KFRepeat_16": 0.9736842105263158,
            "KFRepeat_17": 0.9649122807017544,
            "KFRepeat_18": 0.9649122807017544,
            "KFRepeat_19": 0.9736842105263158,
            "KFRepeat_20": 0.9292035398230089,
            "KFRepeat_21": 0.9824561403508771,
            "KFRepeat_22": 0.9385964912280702,
            "KFRepeat_23": 0.9736842105263158,
            "KFRepeat_24": 0.9736842105263158,
            "KFRepeat_25": 0.9469026548672567,
            "KFRepeat_26": 0.9824561403508771,
            "KFRepeat_27": 0.9912280701754386,
            "KFRepeat_28": 0.9473684210526315,
            "KFRepeat_29": 0.9649122807017544,
            "KFRepeat_30": 0.9557522123893806,
            "KFRepeat_31": 0.956140350877193,
            "KFRepeat_32": 0.9473684210526315,
            "KFRepeat_33": 0.9649122807017544,
            "KFRepeat_34": 0.9824561403508771,
            "KFRepeat_35": 0.9557522123893806,
            "KFRepeat_36": 0.9824561403508771,
            "KFRepeat_37": 0.9736842105263158,
            "KFRepeat_38": 0.9298245614035088,
            "KFRepeat_39": 0.9649122807017544,
            "KFRepeat_40": 0.9646017699115044,
            "KFRepeat_41": 0.9736842105263158,
            "KFRepeat_42": 0.9649122807017544,
            "KFRepeat_43": 1.0,
            "KFRepeat_44": 0.9385964912280702,
            "KFRepeat_45": 0.9557522123893806,
            "KFRepeat_46": 0.9912280701754386,
            "KFRepeat_47": 0.9736842105263158,
            "KFRepeat_48": 0.9473684210526315,
            "KFRepeat_49": 0.9385964912280702,
            "KFRepeat_50": 0.9734513274336283
        },
        "SEN_Val": {
            "KFRepeat_1": 0.9444444444444444,
            "KFRepeat_2": 0.9722222222222222,
            "KFRepeat_3": 1.0,
            "KFRepeat_4": 1.0,
            "KFRepeat_5": 0.9859154929577465,
            "KFRepeat_6": 1.0,
            "KFRepeat_7": 0.9861111111111112,
            "KFRepeat_8": 0.9859154929577465,
            "KFRepeat_9": 0.971830985915493,
            "KFRepeat_10": 0.9436619718309859,
            "KFRepeat_11": 0.9722222222222222,
            "KFRepeat_12": 0.9861111111111112,
            "KFRepeat_13": 0.9577464788732394,
            "KFRepeat_14": 0.9577464788732394,
            "KFRepeat_15": 0.9859154929577465,
            "KFRepeat_16": 1.0,
            "KFRepeat_17": 0.9861111111111112,
            "KFRepeat_18": 0.971830985915493,
            "KFRepeat_19": 0.971830985915493,
            "KFRepeat_20": 0.9577464788732394,
            "KFRepeat_21": 0.9722222222222222,
            "KFRepeat_22": 0.9583333333333334,
            "KFRepeat_23": 0.9859154929577465,
            "KFRepeat_24": 0.9577464788732394,
            "KFRepeat_25": 1.0,
            "KFRepeat_26": 0.9861111111111112,
            "KFRepeat_27": 0.9861111111111112,
            "KFRepeat_28": 0.9436619718309859,
            "KFRepeat_29": 0.971830985915493,
            "KFRepeat_30": 0.9859154929577465,
            "KFRepeat_31": 0.9722222222222222,
            "KFRepeat_32": 0.9583333333333334,
            "KFRepeat_33": 0.971830985915493,
            "KFRepeat_34": 0.9859154929577465,
            "KFRepeat_35": 0.9859154929577465,
            "KFRepeat_36": 0.9861111111111112,
            "KFRepeat_37": 0.9861111111111112,
            "KFRepeat_38": 0.9577464788732394,
            "KFRepeat_39": 0.9577464788732394,
            "KFRepeat_40": 0.9859154929577465,
            "KFRepeat_41": 0.9861111111111112,
            "KFRepeat_42": 0.9722222222222222,
            "KFRepeat_43": 1.0,
            "KFRepeat_44": 0.9295774647887324,
            "KFRepeat_45": 1.0,
            "KFRepeat_46": 1.0,
            "KFRepeat_47": 0.9722222222222222,
            "KFRepeat_48": 0.971830985915493,
            "KFRepeat_49": 0.9436619718309859,
            "KFRepeat_50": 0.9859154929577465
        },
        "SPC_Val": {
            "KFRepeat_1": 1.0,
            "KFRepeat_2": 0.8809523809523809,
            "KFRepeat_3": 0.9767441860465116,
            "KFRepeat_4": 1.0,
            "KFRepeat_5": 0.8809523809523809,
            "KFRepeat_6": 0.9285714285714286,
            "KFRepeat_7": 0.9285714285714286,
            "KFRepeat_8": 0.9069767441860465,
            "KFRepeat_9": 0.9767441860465116,
            "KFRepeat_10": 1.0,
            "KFRepeat_11": 0.9523809523809523,
            "KFRepeat_12": 0.9047619047619048,
            "KFRepeat_13": 0.9767441860465116,
            "KFRepeat_14": 0.9302325581395349,
            "KFRepeat_15": 0.8809523809523809,